{
  "status": "SUCCESS",
  "message": null,
  "data": [
    {
      "id": 1,
      "user_id": 1,
      "plan_id": 1,
      "name": "Plan1",
      "length": null,
      "height": null,
      "width": null,
      "weight": null,
      "active": true,
      "createdDate": 1449160580812,
      "createdBy": 1,
      "modifiedDate": 1449160580812,
      "modifiedBy": 1
    },
    {
      "id": 2,
      "user_id": 1,
      "plan_id": 2,
      "name": "Plan2",
      "length": null,
      "height": null,
      "width": null,
      "weight": null,
      "active": true,
      "createdDate": 1449160580812,
      "createdBy": 1,
      "modifiedDate": 1449160580812,
      "modifiedBy": 1
    }
  ],
  "hasErrors": false,
  "errors": null
}
