{
  "data": [
    {
    "id": 1,
    "active_plan_id": 1,
    "form_factor_id": 1,
    "formFactorComboId": 1,
    "form_factor_name": "Classic_Box",
    "tagNum": "123456",
    "activeFFname": "My Liner 1",
    "activeFFdesc": "My books",
    "status": "in_storage",
    "length": null,
    "height": null,
    "width": null,
    "weight": null,
    "addressIdRef": 1,
    "whCodeRef": "NYC",
    "createdDate": 1449160580812,
    "createdBy": 1,
    "modifiedDate": 1449773703137,
    "modifiedBy": 1,
    "bookingActionDetails": [
      {
        "id": 1,
        "activeFormFactorId": 1,
        "delete": null,
        "bookingId": 1,
        "transitType": "Pickup",
        "requestType": "Packed",
        "createdDate": 1449160580812,
        "createdBy": 1,
        "modifiedDate": 1449160580812,
        "modifiedBy": 1
      }
    ],
    "assets": [
      {
        "id": 1,
        "activeFormFactorId": 1,
        "assetType": "Text",
        "assetValue": "text.txt",
        "sortOrder": 1,
        "createdDate": 1449160580812,
        "createdBy": 1,
        "modifiedDate": 1449160580812,
        "modifiedBy": 1
      },
      {
        "id": 2,
        "activeFormFactorId": 1,
        "assetType": "Image",
        "assetValue": "image.jpg",
        "sortOrder": 2,
        "createdDate": 1449160580812,
        "createdBy": 1,
        "modifiedDate": 1449160580812,
        "modifiedBy": 1
      },
      {
        "id": 3,
        "activeFormFactorId": 1,
        "assetType": "Text",
        "assetValue": "document.doc",
        "sortOrder": 3,
        "createdDate": 1449160580812,
        "createdBy": 1,
        "modifiedDate": 1449160580812,
        "modifiedBy": 1
      }
    ]
  },
  {
  "id": 1,
  "active_plan_id": 1,
  "form_factor_id": 1,
  "formFactorComboId": 1,
  "form_factor_name": "Classic_Box",
  "tagNum": "123456",
  "activeFFname": "My Liner 1",
  "activeFFdesc": "My books",
  "status": "in_storage",
  "length": null,
  "height": null,
  "width": null,
  "weight": null,
  "addressIdRef": 1,
  "whCodeRef": "NYC",
  "createdDate": 1449160580812,
  "createdBy": 1,
  "modifiedDate": 1449773703137,
  "modifiedBy": 1,
  "bookingActionDetails": [
    {
      "id": 1,
      "activeFormFactorId": 1,
      "delete": null,
      "bookingId": 1,
      "transitType": "Pickup",
      "requestType": "Packed",
      "createdDate": 1449160580812,
      "createdBy": 1,
      "modifiedDate": 1449160580812,
      "modifiedBy": 1
    }
  ],
  "assets": [
    {
      "id": 1,
      "activeFormFactorId": 1,
      "assetType": "Text",
      "assetValue": "text.txt",
      "sortOrder": 1,
      "createdDate": 1449160580812,
      "createdBy": 1,
      "modifiedDate": 1449160580812,
      "modifiedBy": 1
    },
    {
      "id": 2,
      "activeFormFactorId": 1,
      "assetType": "Image",
      "assetValue": "image.jpg",
      "sortOrder": 2,
      "createdDate": 1449160580812,
      "createdBy": 1,
      "modifiedDate": 1449160580812,
      "modifiedBy": 1
    },
    {
      "id": 3,
      "activeFormFactorId": 1,
      "assetType": "Text",
      "assetValue": "document.doc",
      "sortOrder": 3,
      "createdDate": 1449160580812,
      "createdBy": 1,
      "modifiedDate": 1449160580812,
      "modifiedBy": 1
    }
  ]
},
  {
    "id": 3,
    "active_plan_id": 2,
    "form_factor_id": 1,
    "formFactorComboId": 1,
    "form_factor_name": "Classic_Box",
    "tagNum": "123457",
    "activeFFname": "My Liner 2",
    "activeFFdesc": "My Clothes",
    "status": "scheduled",
    "length": null,
    "height": null,
    "width": null,
    "weight": null,
    "addressIdRef": 1,
    "whCodeRef": "NYC",
    "createdDate": 1449160580812,
    "createdBy": 1,
    "modifiedDate": 1449160580812,
    "modifiedBy": 1,
    "bookingActionDetails": [
      {
        "id": 2,
        "activeFormFactorId": 2,
        "delete": null,
        "bookingId": 1,
        "transitType": "Pickup",
        "requestType": "Empty",
        "createdDate": 1449160580812,
        "createdBy": 1,
        "modifiedDate": 1449160580812,
        "modifiedBy": 1
      }
    ],
    "assets": []
  }
],
  "hasErrors": false,
  "errors": null
}
