{
  "status": "SUCCESS",
  "message": null,
  "data": [
    {
      "id": 2,
      "product_id": 1,
      "user_id": 1,
      "booking_num": "My Booking2",
      "ship_to_first_name": "Rohan",
      "ship_to_last_name": "Bhobe",
      "ship_to_business_name": "V",
      "ship_to_address1": "Ali street",
      "ship_to_address2": "Apt #3",
      "ship_to_address3": "NA",
      "ship_to_address4": "NA",
      "ship_to_city": "Jersey City",
      "ship_to_state_name": "New Jersey",
      "ship_to_state_code": "NJ",
      "ship_to_zip_code": "10001",
      "shipToCountryName": "United States",
      "shipToCountryCode": "US",
      "preferredPhone": "123-457-7890",
      "window_start_datetime": 1448946000,
      "preferredEmail": "rbhobe",
      "bookingStatus": "Confirmed",
      "window_start_datetime": 1445453928584,
      "window_end_datetime": 1445453928584,
      "canceledTimeStamp": 1445453928584,
      "createdDate": 1445453928584,
      "createdBy": 1,
      "modifiedDate": 1445453928584,
      "modifiedBy": 1,
      "bookingNotes": [
        {
          "id": 3,
          "bookingId": 2,
          "note": "Ring Buzzer",
          "sortOrder": 1,
          "createdDate": 1445453928584,
          "createdBy": 1,
          "modifiedDate": 1445453928584,
          "modifiedBy": 1
        }
      ],
      "bookingActionDetails": [
        {
          "id": 5,
          "activeFormFactorId": 5,
          "bookingId": 2,
          "transitType": "Delivery",
          "requestType": "Empty",
          "createdDate": 1445453928584,
          "createdBy": 1,
          "modifiedDate": 1445453928584,
          "modifiedBy": 1
        }
      ]
    },
    {
      "id": 3,
      "product_id": 1,
      "user_id": 1,
      "booking_num": "My Booking3",
      "ship_to_first_name": "Rohan",
      "ship_to_last_name": "Bhobe",
      "ship_to_business_name": "V",
      "ship_to_address1": "Ali street",
      "ship_to_address2": "Apt #3",
      "ship_to_address3": "NA",
      "ship_to_address4": "NA",
      "ship_to_city": "Jersey City",
      "ship_to_state_name": "New Jersey",
      "ship_to_state_code": "NJ",
      "ship_to_zip_code": "10001",
      "shipToCountryName": "United States",
      "shipToCountryCode": "US",
      "preferredPhone": "123-457-7890",
      "preferredEmail": "rbhobe",
      "bookingStatus": "Canceled",
      "window_start_datetime": 1445453928584,
      "window_end_datetime": 1445453928584,
      "canceledTimeStamp": 1445453928584,
      "createdDate": 1445453928584,
      "createdBy": 1,
      "modifiedDate": 1445453928584,
      "modifiedBy": 1,
      "bookingNotes": [],
      "bookingActionDetails": [
        {
          "id": 6,
          "activeFormFactorId": 6,
          "bookingId": 3,
          "transitType": "Pickup",
          "requestType": "Packed",
          "createdDate": 1445453928584,
          "createdBy": 1,
          "modifiedDate": 1445453928584,
          "modifiedBy": 1
        }
      ]
    },
    {
      "id": 1,
      "product_id": 3,
      "user_id": 1,
      "booking_num": "My Booking5",
      "ship_to_first_name": "Rohan",
      "ship_to_last_name": "Bhobe",
      "ship_to_business_name": "V",
      "ship_to_address1": "Ali street",
      "ship_to_address2": "Apt #3",
      "ship_to_address3": "NA",
      "ship_to_address4": "NA",
      "ship_to_city": "Jersey City",
      "ship_to_state_name": "New Jersey",
      "ship_to_state_code": "NJ",
      "ship_to_zip_code": "07097",
      "shipToCountryName": "United States",
      "shipToCountryCode": "US",
      "preferredPhone": "123-457-7890",
      "preferredEmail": "rbhobe",
      "bookingStatus": "Confirmed",
      "window_start_datetime": 1445268458865,
      "window_end_datetime": 1445268458865,
      "canceledTimeStamp": 1445268458865,
      "createdDate": 1445460226311,
      "createdBy": 1,
      "modifiedDate": 1445460226311,
      "modifiedBy": 6,
      "bookingNotes": [
        {
          "id": 1,
          "bookingId": 1,
          "note": "Ring Buzzer 8",
          "sortOrder": 1,
          "createdDate": 1445460226326,
          "createdBy": 1,
          "modifiedDate": 1445460226326,
          "modifiedBy": 1
        }
      ],
      "bookingActionDetails": [
        {
          "id": 1,
          "activeFormFactorId": 4,
          "bookingId": 1,
          "transitType": "Delivery",
          "requestType": "Empty",
          "createdDate": 1445460226326,
          "createdBy": 1,
          "modifiedDate": 1445460226326,
          "modifiedBy": 7
        }
      ]
    },
    {
      "id": 4,
      "product_id": 4,
      "user_id": 1,
      "booking_num": "My Booking6",
      "ship_to_first_name": "Rohan",
      "ship_to_last_name": "Bhobe",
      "ship_to_business_name": "V",
      "ship_to_address1": "Ali street",
      "ship_to_address2": "Apt #3",
      "ship_to_address3": "NA",
      "ship_to_address4": "NA",
      "ship_to_city": "Jersey City",
      "ship_to_state_name": "New Jersey",
      "ship_to_state_code": "NJ",
      "ship_to_zip_code": "10001",
      "shipToCountryName": "United States",
      "shipToCountryCode": "US",
      "preferredPhone": "123-457-7890",
      "preferredEmail": "rbhobe",
      "bookingStatus": "Confirmed",
      "window_start_datetime": 1445268458865,
      "window_end_datetime": 1445268458865,
      "canceledTimeStamp": 1445268458865,
      "createdDate": 1445461436421,
      "createdBy": 1,
      "modifiedDate": 1445461436421,
      "modifiedBy": 6,
      "bookingNotes": [
        {
          "id": 4,
          "bookingId": 4,
          "note": "Ring Buzzer 8",
          "sortOrder": 1,
          "createdDate": 1445461436422,
          "createdBy": 1,
          "modifiedDate": 1445461436422,
          "modifiedBy": 1
        }
      ],
      "bookingActionDetails": [
        {
          "id": 4,
          "activeFormFactorId": 4,
          "bookingId": 4,
          "transitType": "Delivery",
          "requestType": "Empty",
          "createdDate": 1445461436422,
          "createdBy": 1,
          "modifiedDate": 1445461436422,
          "modifiedBy": 7
        }
      ]
    }
  ],
  "hasErrors": false,
  "errors": null
}
